document_tone/tones/0/score,document_tone/tones/0/tone_id,document_tone/tones/0/tone_name,document_tone/tones/1/score,document_tone/tones/1/tone_id,document_tone/tones/1/tone_name,document_tone/tones/2/score,document_tone/tones/2/tone_id,document_tone/tones/2/tone_name,document_tone/tones/3/score,document_tone/tones/3/tone_id,document_tone/tones/3/tone_name
0.889498,joy,Joy,,,,,,,,,
0.613619,tentative,Tentative,,,,,,,,,
0.535861,joy,Joy,,,,,,,,,
0.723151,sadness,Sadness,,,,,,,,,
0.773317,analytical,Analytical,,,,,,,,,
0.616824,joy,Joy,0.8152,analytical,Analytical,,,,,,
0.789698,analytical,Analytical,,,,,,,,,
0.500757,anger,Anger,,,,,,,,,
0.773397,sadness,Sadness,,,,,,,,,
0.531768,analytical,Analytical,,,,,,,,,
,,,,,,,,,,,
0.596399,sadness,Sadness,0.58017,analytical,Analytical,,,,,,
0.675443,sadness,Sadness,0.506763,analytical,Analytical,,,,,,
0.583153,joy,Joy,0.624123,tentative,Tentative,,,,,,
0.641145,joy,Joy,0.560098,analytical,Analytical,0.681699,tentative,Tentative,,,
0.705369,joy,Joy,,,,,,,,,
0.572994,joy,Joy,0.641205,analytical,Analytical,,,,,,
0.67542,joy,Joy,,,,,,,,,
0.653191,joy,Joy,0.523926,analytical,Analytical,,,,,,
0.654071,joy,Joy,,,,,,,,,
,,,,,,,,,,,
0.792001,joy,Joy,,,,,,,,,
0.554899,fear,Fear,,,,,,,,,
0.969344,joy,Joy,,,,,,,,,
,,,,,,,,,,,
,,,,,,,,,,,
0.853822,sadness,Sadness,0.62134,analytical,Analytical,,,,,,
0.656875,joy,Joy,,,,,,,,,
0.530041,sadness,Sadness,,,,,,,,,
0.696879,joy,Joy,,,,,,,,,
,,,,,,,,,,,
0.811313,joy,Joy,0.538922,analytical,Analytical,,,,,,
0.597861,fear,Fear,,,,,,,,,
0.731917,analytical,Analytical,,,,,,,,,
0.721609,joy,Joy,,,,,,,,,
0.663225,joy,Joy,,,,,,,,,
0.649899,joy,Joy,,,,,,,,,
0.594025,fear,Fear,,,,,,,,,
0.557028,anger,Anger,,,,,,,,,
0.858134,joy,Joy,,,,,,,,,
0.67819,sadness,Sadness,0.530643,analytical,Analytical,,,,,,
0.602968,sadness,Sadness,0.786838,analytical,Analytical,,,,,,
0.667152,analytical,Analytical,,,,,,,,,
,,,,,,,,,,,
0.600787,analytical,Analytical,,,,,,,,,
0.751406,joy,Joy,0.692572,analytical,Analytical,,,,,,
0.66301,joy,Joy,,,,,,,,,
0.607457,sadness,Sadness,,,,,,,,,
,,,,,,,,,,,
0.538639,sadness,Sadness,0.830239,analytical,Analytical,,,,,,
,,,,,,,,,,,
,,,,,,,,,,,
0.633164,joy,Joy,,,,,,,,,
,,,,,,,,,,,
0.544484,analytical,Analytical,,,,,,,,,
0.822181,joy,Joy,0.595029,analytical,Analytical,,,,,,
0.729735,joy,Joy,,,,,,,,,
0.732719,joy,Joy,0.713242,tentative,Tentative,,,,,,
,,,,,,,,,,,
0.513022,analytical,Analytical,,,,,,,,,
0.766101,joy,Joy,,,,,,,,,
0.59586,joy,Joy,,,,,,,,,
0.563672,sadness,Sadness,,,,,,,,,
0.521419,sadness,Sadness,,,,,,,,,
0.874389,joy,Joy,,,,,,,,,
,,,,,,,,,,,
,,,,,,,,,,,
0.582016,sadness,Sadness,0.739563,tentative,Tentative,,,,,,
0.511472,anger,Anger,0.5538,tentative,Tentative,,,,,,
,,,,,,,,,,,
0.768112,sadness,Sadness,0.726435,analytical,Analytical,,,,,,
0.546322,joy,Joy,0.544001,analytical,Analytical,,,,,,
0.541298,sadness,Sadness,,,,,,,,,
0.781614,sadness,Sadness,0.6716,analytical,Analytical,,,,,,
0.737499,joy,Joy,0.717119,analytical,Analytical,,,,,,
0.626053,sadness,Sadness,0.559534,analytical,Analytical,,,,,,
,,,,,,,,,,,
0.542951,joy,Joy,,,,,,,,,
0.716768,sadness,Sadness,,,,,,,,,
0.628059,sadness,Sadness,,,,,,,,,
0.610543,joy,Joy,,,,,,,,,
0.704218,joy,Joy,0.829929,analytical,Analytical,,,,,,
0.601101,tentative,Tentative,,,,,,,,,
0.535842,joy,Joy,,,,,,,,,
,,,,,,,,,,,
0.500253,joy,Joy,0.754612,analytical,Analytical,,,,,,
0.717122,sadness,Sadness,0.744875,analytical,Analytical,,,,,,
0.532044,analytical,Analytical,,,,,,,,,
,,,,,,,,,,,
0.75265,sadness,Sadness,0.546763,analytical,Analytical,,,,,,
0.603745,analytical,Analytical,,,,,,,,,
0.610702,joy,Joy,,,,,,,,,
0.593513,joy,Joy,0.514704,analytical,Analytical,,,,,,
0.624715,sadness,Sadness,0.645389,tentative,Tentative,0.54131,analytical,Analytical,,,
0.603581,anger,Anger,,,,,,,,,
0.784267,joy,Joy,0.503985,confident,Confident,0.626984,analytical,Analytical,,,
,,,,,,,,,,,
,,,,,,,,,,,
,,,,,,,,,,,
0.582067,joy,Joy,0.710376,confident,Confident,,,,,,
,,,,,,,,,,,
0.666729,sadness,Sadness,0.602536,analytical,Analytical,,,,,,
0.716666,joy,Joy,0.573926,tentative,Tentative,,,,,,
0.506493,sadness,Sadness,0.621044,analytical,Analytical,,,,,,
,,,,,,,,,,,
0.575128,sadness,Sadness,,,,,,,,,
0.549171,sadness,Sadness,0.823099,analytical,Analytical,,,,,,
0.753915,sadness,Sadness,,,,,,,,,
0.775393,joy,Joy,0.509049,analytical,Analytical,,,,,,
0.794724,tentative,Tentative,,,,,,,,,
0.886857,joy,Joy,0.697558,analytical,Analytical,0.776293,tentative,Tentative,,,
,,,,,,,,,,,
0.740908,confident,Confident,,,,,,,,,
0.769501,joy,Joy,,,,,,,,,
0.583216,joy,Joy,,,,,,,,,
0.502162,anger,Anger,,,,,,,,,
0.63827,joy,Joy,0.519411,tentative,Tentative,,,,,,
0.501854,sadness,Sadness,0.535137,analytical,Analytical,,,,,,
0.515476,joy,Joy,,,,,,,,,
,,,,,,,,,,,
0.715389,joy,Joy,,,,,,,,,
0.504469,joy,Joy,,,,,,,,,
0.710788,joy,Joy,,,,,,,,,
0.583953,anger,Anger,0.819003,tentative,Tentative,,,,,,
0.502699,joy,Joy,,,,,,,,,
0.572803,joy,Joy,0.632609,analytical,Analytical,0.504301,tentative,Tentative,,,
0.52502,sadness,Sadness,,,,,,,,,
0.671411,sadness,Sadness,,,,,,,,,
0.593393,analytical,Analytical,,,,,,,,,
0.83721,joy,Joy,,,,,,,,,
0.726336,sadness,Sadness,,,,,,,,,
,,,,,,,,,,,
0.603926,sadness,Sadness,0.830936,tentative,Tentative,,,,,,
,,,,,,,,,,,
0.608282,anger,Anger,0.74549,analytical,Analytical,,,,,,
0.579949,joy,Joy,0.718608,analytical,Analytical,,,,,,
0.577034,sadness,Sadness,0.728621,tentative,Tentative,0.647408,analytical,Analytical,,,
,,,,,,,,,,,
0.714957,analytical,Analytical,,,,,,,,,
,,,,,,,,,,,
0.529083,anger,Anger,,,,,,,,,
0.702104,joy,Joy,,,,,,,,,
0.534455,tentative,Tentative,0.700145,analytical,Analytical,,,,,,
0.561273,anger,Anger,,,,,,,,,
0.553393,sadness,Sadness,,,,,,,,,
,,,,,,,,,,,
0.610196,fear,Fear,0.574477,analytical,Analytical,,,,,,
0.636507,joy,Joy,,,,,,,,,
0.897366,joy,Joy,,,,,,,,,
0.624574,sadness,Sadness,0.508496,analytical,Analytical,,,,,,
0.635172,sadness,Sadness,,,,,,,,,
0.51161,sadness,Sadness,0.61699,fear,Fear,0.738149,tentative,Tentative,0.600338,analytical,Analytical
0.691899,sadness,Sadness,,,,,,,,,
0.646261,sadness,Sadness,,,,,,,,,
0.584024,joy,Joy,,,,,,,,,
0.633526,sadness,Sadness,,,,,,,,,
0.535843,anger,Anger,,,,,,,,,
0.581102,sadness,Sadness,0.506763,analytical,Analytical,,,,,,
0.570771,analytical,Analytical,,,,,,,,,
0.638305,joy,Joy,,,,,,,,,
0.559318,sadness,Sadness,,,,,,,,,
0.633696,joy,Joy,0.52523,analytical,Analytical,,,,,,
0.552268,joy,Joy,0.568262,analytical,Analytical,,,,,,
0.525771,sadness,Sadness,,,,,,,,,
0.729655,sadness,Sadness,0.623738,analytical,Analytical,,,,,,
0.583859,sadness,Sadness,0.760984,analytical,Analytical,,,,,,
0.722554,sadness,Sadness,,,,,,,,,
0.667787,sadness,Sadness,,,,,,,,,
0.777691,joy,Joy,0.520023,analytical,Analytical,,,,,,
,,,,,,,,,,,
0.631099,sadness,Sadness,0.586987,analytical,Analytical,,,,,,
0.772611,joy,Joy,0.638807,analytical,Analytical,,,,,,
0.638708,joy,Joy,0.5538,tentative,Tentative,,,,,,
0.696269,analytical,Analytical,,,,,,,,,
,,,,,,,,,,,
0.58714,anger,Anger,,,,,,,,,
0.889004,joy,Joy,0.705401,analytical,Analytical,,,,,,
0.766167,analytical,Analytical,,,,,,,,,
0.801729,joy,Joy,0.529312,confident,Confident,,,,,,
,,,,,,,,,,,
0.729656,joy,Joy,0.575046,tentative,Tentative,0.827936,analytical,Analytical,,,
0.698291,anger,Anger,,,,,,,,,
0.718949,joy,Joy,0.502017,analytical,Analytical,,,,,,
0.705706,joy,Joy,,,,,,,,,
,,,,,,,,,,,
0.564036,anger,Anger,,,,,,,,,
0.517423,sadness,Sadness,,,,,,,,,
0.642572,sadness,Sadness,,,,,,,,,
0.516492,analytical,Analytical,,,,,,,,,
0.731277,sadness,Sadness,0.716804,analytical,Analytical,,,,,,
,,,,,,,,,,,
,,,,,,,,,,,
0.546882,sadness,Sadness,0.692087,tentative,Tentative,0.576788,analytical,Analytical,,,
0.837115,tentative,Tentative,,,,,,,,,
0.532954,joy,Joy,0.517343,analytical,Analytical,,,,,,
0.800788,joy,Joy,,,,,,,,,
,,,,,,,,,,,
0.569907,sadness,Sadness,0.627085,tentative,Tentative,,,,,,
,,,,,,,,,,,
0.539657,sadness,Sadness,0.592947,tentative,Tentative,0.689559,analytical,Analytical,,,
0.839847,joy,Joy,,,,,,,,,
0.599015,sadness,Sadness,,,,,,,,,
0.555353,sadness,Sadness,0.563767,analytical,Analytical,,,,,,
0.787806,sadness,Sadness,0.691493,analytical,Analytical,,,,,,
,,,,,,,,,,,
,,,,,,,,,,,
0.66487,sadness,Sadness,,,,,,,,,
0.807325,sadness,Sadness,,,,,,,,,
0.840222,joy,Joy,0.643905,analytical,Analytical,,,,,,
0.774916,analytical,Analytical,,,,,,,,,
0.731115,sadness,Sadness,0.702369,tentative,Tentative,,,,,,
0.516668,joy,Joy,,,,,,,,,
0.604359,sadness,Sadness,0.563684,analytical,Analytical,0.66698,tentative,Tentative,,,
0.6441,sadness,Sadness,0.724236,analytical,Analytical,,,,,,
0.598118,joy,Joy,,,,,,,,,
0.598037,analytical,Analytical,,,,,,,,,
0.644984,joy,Joy,,,,,,,,,
0.598711,tentative,Tentative,0.544325,analytical,Analytical,,,,,,
0.645002,sadness,Sadness,0.581158,analytical,Analytical,0.70679,tentative,Tentative,,,
0.522689,sadness,Sadness,,,,,,,,,
0.627862,sadness,Sadness,,,,,,,,,
0.550719,joy,Joy,,,,,,,,,
0.832908,joy,Joy,0.783424,analytical,Analytical,,,,,,
0.83891,joy,Joy,,,,,,,,,
0.704575,joy,Joy,,,,,,,,,
0.505983,sadness,Sadness,0.807193,tentative,Tentative,,,,,,
0.625059,analytical,Analytical,,,,,,,,,
0.651536,joy,Joy,,,,,,,,,
0.809181,joy,Joy,0.641756,analytical,Analytical,,,,,,
0.560644,sadness,Sadness,0.765702,tentative,Tentative,,,,,,
0.555102,joy,Joy,0.532616,analytical,Analytical,,,,,,
0.545276,joy,Joy,0.515461,tentative,Tentative,,,,,,
0.936705,joy,Joy,,,,,,,,,
,,,,,,,,,,,
0.608735,sadness,Sadness,0.79233,analytical,Analytical,,,,,,
0.506989,sadness,Sadness,0.616841,analytical,Analytical,,,,,,
0.710911,joy,Joy,0.618451,confident,Confident,0.506763,analytical,Analytical,,,
0.714159,joy,Joy,0.561417,analytical,Analytical,,,,,,
0.61237,sadness,Sadness,0.564476,analytical,Analytical,,,,,,
0.608683,sadness,Sadness,0.896392,analytical,Analytical,,,,,,
,,,,,,,,,,,
0.689234,analytical,Analytical,,,,,,,,,
0.897014,joy,Joy,0.677481,analytical,Analytical,,,,,,
0.686763,joy,Joy,,,,,,,,,
0.721999,joy,Joy,0.554065,tentative,Tentative,0.8152,analytical,Analytical,,,
,,,,,,,,,,,
0.558329,anger,Anger,,,,,,,,,
0.707813,analytical,Analytical,,,,,,,,,
,,,,,,,,,,,
,,,,,,,,,,,
0.6313,sadness,Sadness,,,,,,,,,
0.662689,sadness,Sadness,0.565078,analytical,Analytical,,,,,,
,,,,,,,,,,,
0.648128,sadness,Sadness,,,,,,,,,
,,,,,,,,,,,
0.716301,tentative,Tentative,,,,,,,,,
0.543252,joy,Joy,,,,,,,,,
0.610181,joy,Joy,,,,,,,,,
0.826396,joy,Joy,,,,,,,,,
0.674785,joy,Joy,0.734545,analytical,Analytical,,,,,,
0.668623,sadness,Sadness,,,,,,,,,
0.826979,joy,Joy,0.671289,analytical,Analytical,,,,,,
0.510555,joy,Joy,0.550711,analytical,Analytical,,,,,,
0.69163,sadness,Sadness,0.556207,analytical,Analytical,0.50663,tentative,Tentative,,,
0.573233,sadness,Sadness,,,,,,,,,
0.644775,joy,Joy,0.757963,tentative,Tentative,,,,,,
0.513743,sadness,Sadness,,,,,,,,,
0.796279,joy,Joy,0.58393,tentative,Tentative,0.641954,analytical,Analytical,,,
,,,,,,,,,,,
0.552458,sadness,Sadness,0.596734,analytical,Analytical,,,,,,
0.655766,sadness,Sadness,,,,,,,,,
0.678799,sadness,Sadness,0.566915,analytical,Analytical,,,,,,
,,,,,,,,,,,
0.913977,joy,Joy,,,,,,,,,
0.610469,sadness,Sadness,0.728284,tentative,Tentative,,,,,,
,,,,,,,,,,,
0.60658,joy,Joy,,,,,,,,,
,,,,,,,,,,,
0.644046,joy,Joy,0.556777,analytical,Analytical,0.704683,tentative,Tentative,,,
0.597657,joy,Joy,0.709009,analytical,Analytical,,,,,,
,,,,,,,,,,,
,,,,,,,,,,,
0.776282,joy,Joy,0.613936,analytical,Analytical,,,,,,
0.740243,sadness,Sadness,0.540129,analytical,Analytical,,,,,,
0.520647,sadness,Sadness,0.587457,analytical,Analytical,,,,,,
,,,,,,,,,,,
0.762356,analytical,Analytical,,,,,,,,,
0.576386,sadness,Sadness,,,,,,,,,
0.694745,joy,Joy,,,,,,,,,
,,,,,,,,,,,
0.747575,joy,Joy,,,,,,,,,
0.752019,tentative,Tentative,0.641954,analytical,Analytical,,,,,,
0.526349,anger,Anger,,,,,,,,,
0.626462,joy,Joy,,,,,,,,,
0.612277,joy,Joy,,,,,,,,,
0.64996,joy,Joy,0.525193,analytical,Analytical,,,,,,
0.783197,joy,Joy,,,,,,,,,
,,,,,,,,,,,
0.615352,tentative,Tentative,,,,,,,,,
0.688612,joy,Joy,0.662372,analytical,Analytical,,,,,,
,,,,,,,,,,,
0.676608,sadness,Sadness,,,,,,,,,
0.598145,joy,Joy,,,,,,,,,
0.557108,joy,Joy,,,,,,,,,
0.541543,fear,Fear,,,,,,,,,
0.663422,sadness,Sadness,0.561076,analytical,Analytical,,,,,,
0.529588,sadness,Sadness,0.527757,fear,Fear,0.593069,analytical,Analytical,,,
0.835582,joy,Joy,,,,,,,,,
0.649408,joy,Joy,0.55704,tentative,Tentative,,,,,,
0.515603,anger,Anger,0.681699,tentative,Tentative,,,,,,
0.635188,sadness,Sadness,,,,,,,,,
0.841378,fear,Fear,,,,,,,,,
0.645048,sadness,Sadness,0.521892,tentative,Tentative,,,,,,
,,,,,,,,,,,
0.69467,sadness,Sadness,0.524815,tentative,Tentative,,,,,,
0.514277,fear,Fear,0.746159,analytical,Analytical,,,,,,
,,,,,,,,,,,
0.625465,tentative,Tentative,,,,,,,,,
0.617362,sadness,Sadness,0.555842,analytical,Analytical,,,,,,
,,,,,,,,,,,
0.595512,joy,Joy,0.576124,tentative,Tentative,,,,,,
0.564975,joy,Joy,0.57179,tentative,Tentative,,,,,,
0.521705,sadness,Sadness,0.633424,tentative,Tentative,0.686155,analytical,Analytical,,,
0.607587,joy,Joy,0.6805,tentative,Tentative,,,,,,
,,,,,,,,,,,
0.554479,joy,Joy,0.519766,analytical,Analytical,,,,,,
0.614658,joy,Joy,0.69549,analytical,Analytical,0.58393,tentative,Tentative,,,
,,,,,,,,,,,
0.657772,analytical,Analytical,,,,,,,,,
,,,,,,,,,,,
0.532313,sadness,Sadness,,,,,,,,,
0.652174,joy,Joy,0.657742,analytical,Analytical,,,,,,
0.508133,fear,Fear,0.539011,confident,Confident,,,,,,
0.717033,joy,Joy,,,,,,,,,
0.601221,joy,Joy,0.680617,analytical,Analytical,,,,,,
0.590409,sadness,Sadness,,,,,,,,,
0.912871,joy,Joy,0.579367,analytical,Analytical,,,,,,
0.879417,joy,Joy,0.720015,confident,Confident,0.523822,analytical,Analytical,,,
,,,,,,,,,,,
0.511675,joy,Joy,,,,,,,,,
0.572323,sadness,Sadness,0.600115,tentative,Tentative,,,,,,
0.501203,joy,Joy,0.597316,analytical,Analytical,,,,,,
0.549682,sadness,Sadness,0.747355,tentative,Tentative,,,,,,
0.52721,analytical,Analytical,,,,,,,,,
0.602927,joy,Joy,,,,,,,,,
0.733395,sadness,Sadness,,,,,,,,,
0.525904,sadness,Sadness,0.541839,analytical,Analytical,,,,,,
,,,,,,,,,,,
0.558482,sadness,Sadness,,,,,,,,,
0.678371,sadness,Sadness,0.541583,tentative,Tentative,,,,,,
,,,,,,,,,,,
0.571363,tentative,Tentative,,,,,,,,,
0.555362,sadness,Sadness,,,,,,,,,
0.934686,joy,Joy,0.554648,analytical,Analytical,,,,,,
0.720741,joy,Joy,0.539563,analytical,Analytical,,,,,,
0.745629,joy,Joy,0.772113,analytical,Analytical,,,,,,
0.829341,joy,Joy,,,,,,,,,
0.705619,sadness,Sadness,,,,,,,,,
0.809614,joy,Joy,0.778006,analytical,Analytical,,,,,,
0.89551,joy,Joy,,,,,,,,,
0.64054,joy,Joy,0.778469,analytical,Analytical,,,,,,
0.764714,joy,Joy,,,,,,,,,
0.543154,joy,Joy,,,,,,,,,
0.861668,joy,Joy,,,,,,,,,
0.878156,joy,Joy,,,,,,,,,
,,,,,,,,,,,
0.723305,tentative,Tentative,0.737453,analytical,Analytical,,,,,,
0.540934,fear,Fear,,,,,,,,,
0.528833,joy,Joy,,,,,,,,,
0.582541,sadness,Sadness,0.518058,analytical,Analytical,,,,,,
0.572638,joy,Joy,,,,,,,,,
0.779284,analytical,Analytical,,,,,,,,,
0.579037,sadness,Sadness,0.515238,analytical,Analytical,,,,,,
0.6477,analytical,Analytical,,,,,,,,,
0.750306,joy,Joy,0.874247,analytical,Analytical,,,,,,
0.804361,sadness,Sadness,,,,,,,,,
0.608069,analytical,Analytical,,,,,,,,,
0.767405,analytical,Analytical,0.676013,tentative,Tentative,,,,,,
0.529534,sadness,Sadness,0.716636,analytical,Analytical,,,,,,
0.562347,sadness,Sadness,0.716147,confident,Confident,0.729586,analytical,Analytical,,,
0.641864,analytical,Analytical,,,,,,,,,
0.597021,analytical,Analytical,,,,,,,,,
,,,,,,,,,,,
0.571921,analytical,Analytical,,,,,,,,,
0.742107,joy,Joy,0.753023,analytical,Analytical,,,,,,
0.512813,sadness,Sadness,0.629467,analytical,Analytical,,,,,,
0.640853,sadness,Sadness,,,,,,,,,
0.500258,joy,Joy,,,,,,,,,
0.545942,sadness,Sadness,0.649052,analytical,Analytical,,,,,,
0.674395,joy,Joy,,,,,,,,,
0.591588,joy,Joy,,,,,,,,,
0.536592,analytical,Analytical,,,,,,,,,
0.554451,joy,Joy,0.677605,tentative,Tentative,,,,,,
0.657807,joy,Joy,,,,,,,,,
0.505788,sadness,Sadness,0.544502,analytical,Analytical,,,,,,
0.516724,joy,Joy,0.504301,tentative,Tentative,,,,,,
0.61611,joy,Joy,0.618451,confident,Confident,0.882284,analytical,Analytical,,,
0.53751,joy,Joy,0.80801,analytical,Analytical,,,,,,
0.833377,joy,Joy,0.679992,analytical,Analytical,,,,,,
0.71819,analytical,Analytical,,,,,,,,,
,,,,,,,,,,,
0.547507,sadness,Sadness,0.523493,analytical,Analytical,,,,,,
,,,,,,,,,,,
0.523586,joy,Joy,0.514396,analytical,Analytical,,,,,,
,,,,,,,,,,,
0.59298,joy,Joy,0.52086,analytical,Analytical,,,,,,
0.978101,joy,Joy,,,,,,,,,
0.742084,joy,Joy,,,,,,,,,
0.594013,sadness,Sadness,,,,,,,,,
0.822318,joy,Joy,,,,,,,,,
0.561367,sadness,Sadness,0.544624,analytical,Analytical,,,,,,
0.629713,tentative,Tentative,,,,,,,,,
0.520326,sadness,Sadness,0.536091,analytical,Analytical,,,,,,
0.646533,sadness,Sadness,0.834759,analytical,Analytical,0.832174,tentative,Tentative,,,
0.636313,sadness,Sadness,,,,,,,,,
0.551226,analytical,Analytical,,,,,,,,,
0.631426,sadness,Sadness,,,,,,,,,
0.593986,joy,Joy,,,,,,,,,
0.685286,joy,Joy,0.643254,tentative,Tentative,,,,,,
0.878328,joy,Joy,,,,,,,,,
0.563731,anger,Anger,,,,,,,,,
0.561333,tentative,Tentative,0.537979,analytical,Analytical,,,,,,
0.5261,joy,Joy,0.79404,analytical,Analytical,,,,,,
0.617986,joy,Joy,,,,,,,,,
0.523661,sadness,Sadness,0.710814,analytical,Analytical,,,,,,
0.556759,sadness,Sadness,0.75489,analytical,Analytical,0.58393,tentative,Tentative,,,
0.565006,sadness,Sadness,0.610635,tentative,Tentative,,,,,,
0.747586,joy,Joy,,,,,,,,,
0.504024,sadness,Sadness,0.691564,analytical,Analytical,,,,,,
0.529432,sadness,Sadness,,,,,,,,,
,,,,,,,,,,,
0.621479,sadness,Sadness,,,,,,,,,
0.645635,sadness,Sadness,,,,,,,,,
,,,,,,,,,,,
0.600667,joy,Joy,,,,,,,,,
0.750051,sadness,Sadness,0.734438,analytical,Analytical,,,,,,
,,,,,,,,,,,
0.610107,joy,Joy,0.510856,analytical,Analytical,,,,,,
0.552582,joy,Joy,0.687768,analytical,Analytical,,,,,,
,,,,,,,,,,,
0.505978,sadness,Sadness,0.509187,analytical,Analytical,,,,,,
0.719942,sadness,Sadness,0.806461,analytical,Analytical,,,,,,
,,,,,,,,,,,
0.579874,sadness,Sadness,,,,,,,,,
0.612755,joy,Joy,,,,,,,,,
0.738811,joy,Joy,0.807134,analytical,Analytical,,,,,,
,,,,,,,,,,,
0.663575,joy,Joy,0.530974,analytical,Analytical,,,,,,
,,,,,,,,,,,
,,,,,,,,,,,
0.675581,joy,Joy,,,,,,,,,
0.711887,analytical,Analytical,,,,,,,,,
0.794531,joy,Joy,0.784119,analytical,Analytical,,,,,,
,,,,,,,,,,,
0.524726,sadness,Sadness,0.671967,tentative,Tentative,0.773211,analytical,Analytical,,,
0.597565,analytical,Analytical,,,,,,,,,
0.613382,joy,Joy,0.625406,analytical,Analytical,,,,,,
0.532338,sadness,Sadness,,,,,,,,,
0.710692,sadness,Sadness,0.608218,tentative,Tentative,,,,,,
0.684574,sadness,Sadness,,,,,,,,,
0.557641,analytical,Analytical,,,,,,,,,
0.500895,sadness,Sadness,0.560098,analytical,Analytical,,,,,,
0.867553,sadness,Sadness,0.51607,analytical,Analytical,,,,,,
0.830334,joy,Joy,0.641428,analytical,Analytical,,,,,,
0.746125,sadness,Sadness,0.529076,analytical,Analytical,,,,,,
0.518392,joy,Joy,,,,,,,,,
0.600499,analytical,Analytical,,,,,,,,,
0.546192,sadness,Sadness,,,,,,,,,
0.666589,joy,Joy,,,,,,,,,
0.701511,analytical,Analytical,,,,,,,,,
0.615352,tentative,Tentative,,,,,,,,,
0.715486,sadness,Sadness,0.680811,tentative,Tentative,0.740384,analytical,Analytical,,,
0.583979,joy,Joy,0.567561,analytical,Analytical,,,,,,
0.803318,joy,Joy,0.715667,analytical,Analytical,,,,,,
0.729108,sadness,Sadness,0.762008,analytical,Analytical,,,,,,
0.696162,joy,Joy,,,,,,,,,
,,,,,,,,,,,
,,,,,,,,,,,
0.530868,joy,Joy,0.691485,analytical,Analytical,,,,,,
0.850286,joy,Joy,,,,,,,,,
0.617616,sadness,Sadness,,,,,,,,,
0.879346,joy,Joy,0.64943,tentative,Tentative,,,,,,
0.657077,sadness,Sadness,0.785232,analytical,Analytical,,,,,,
0.647354,joy,Joy,0.828041,tentative,Tentative,,,,,,
0.5368,analytical,Analytical,,,,,,,,,
0.684037,joy,Joy,,,,,,,,,
0.584612,sadness,Sadness,0.650241,analytical,Analytical,,,,,,
0.551923,sadness,Sadness,0.537706,analytical,Analytical,,,,,,
,,,,,,,,,,,
0.537256,sadness,Sadness,,,,,,,,,
0.711618,sadness,Sadness,0.62649,tentative,Tentative,0.514935,analytical,Analytical,,,
0.794237,sadness,Sadness,0.658888,analytical,Analytical,,,,,,
0.847128,joy,Joy,,,,,,,,,
0.698968,sadness,Sadness,,,,,,,,,
0.563211,joy,Joy,,,,,,,,,
0.622921,joy,Joy,,,,,,,,,
0.690746,sadness,Sadness,0.503087,tentative,Tentative,0.787792,analytical,Analytical,,,
0.900567,joy,Joy,,,,,,,,,
0.687273,joy,Joy,0.641368,tentative,Tentative,,,,,,
0.610351,joy,Joy,0.654709,analytical,Analytical,,,,,,
0.949243,joy,Joy,0.543112,confident,Confident,0.775662,analytical,Analytical,,,
,,,,,,,,,,,
0.62415,sadness,Sadness,0.558698,tentative,Tentative,,,,,,
0.552166,sadness,Sadness,,,,,,,,,
,,,,,,,,,,,
0.627092,joy,Joy,,,,,,,,,
0.52451,joy,Joy,0.526654,analytical,Analytical,,,,,,
0.506564,tentative,Tentative,0.518812,analytical,Analytical,,,,,,
0.552821,sadness,Sadness,,,,,,,,,
,,,,,,,,,,,
0.69282,sadness,Sadness,0.822231,tentative,Tentative,,,,,,
0.804721,joy,Joy,,,,,,,,,
0.688642,joy,Joy,,,,,,,,,
0.766664,joy,Joy,0.508542,analytical,Analytical,,,,,,
0.608507,joy,Joy,,,,,,,,,
0.521568,analytical,Analytical,,,,,,,,,
0.555978,joy,Joy,,,,,,,,,
0.609078,sadness,Sadness,,,,,,,,,
0.780132,sadness,Sadness,,,,,,,,,
0.62686,joy,Joy,,,,,,,,,
,,,,,,,,,,,
0.507602,sadness,Sadness,,,,,,,,,
0.942272,joy,Joy,0.677579,analytical,Analytical,,,,,,
0.634009,sadness,Sadness,,,,,,,,,
0.884276,joy,Joy,,,,,,,,,
0.558822,joy,Joy,0.788007,analytical,Analytical,,,,,,
0.855825,analytical,Analytical,,,,,,,,,
0.686933,joy,Joy,,,,,,,,,
0.549962,sadness,Sadness,,,,,,,,,
0.574709,analytical,Analytical,,,,,,,,,
0.501844,sadness,Sadness,0.62928,tentative,Tentative,,,,,,
0.559849,analytical,Analytical,,,,,,,,,
0.757411,joy,Joy,0.587457,analytical,Analytical,,,,,,
0.593196,joy,Joy,,,,,,,,,
,,,,,,,,,,,
0.540865,sadness,Sadness,,,,,,,,,
0.74071,joy,Joy,0.53416,analytical,Analytical,,,,,,
0.860746,joy,Joy,,,,,,,,,
0.501593,fear,Fear,,,,,,,,,
,,,,,,,,,,,
0.504534,sadness,Sadness,0.511377,analytical,Analytical,,,,,,
,,,,,,,,,,,
0.566115,joy,Joy,0.690297,analytical,Analytical,,,,,,
0.546896,sadness,Sadness,0.544696,fear,Fear,,,,,,
0.924515,joy,Joy,,,,,,,,,
0.50527,tentative,Tentative,,,,,,,,,
0.619228,analytical,Analytical,,,,,,,,,
0.766248,joy,Joy,,,,,,,,,
0.927096,joy,Joy,,,,,,,,,
,,,,,,,,,,,
0.536936,analytical,Analytical,,,,,,,,,
0.618761,sadness,Sadness,0.668338,tentative,Tentative,,,,,,
0.65749,sadness,Sadness,,,,,,,,,
0.787156,analytical,Analytical,,,,,,,,,
0.593898,joy,Joy,,,,,,,,,
0.547297,sadness,Sadness,0.555582,analytical,Analytical,,,,,,
0.685214,sadness,Sadness,0.687768,analytical,Analytical,,,,,,
0.525794,sadness,Sadness,0.674593,analytical,Analytical,,,,,,
0.662266,joy,Joy,0.566946,analytical,Analytical,,,,,,
0.754531,joy,Joy,0.70948,analytical,Analytical,,,,,,
0.747612,sadness,Sadness,,,,,,,,,
0.712295,joy,Joy,0.540225,analytical,Analytical,,,,,,
,,,,,,,,,,,
0.594239,sadness,Sadness,,,,,,,,,
0.527226,tentative,Tentative,0.687768,analytical,Analytical,,,,,,
0.562312,sadness,Sadness,0.638987,confident,Confident,,,,,,
0.742885,analytical,Analytical,,,,,,,,,
0.552782,fear,Fear,0.525007,tentative,Tentative,,,,,,
0.61572,joy,Joy,,,,,,,,,
0.683669,joy,Joy,0.755313,analytical,Analytical,,,,,,
0.623444,sadness,Sadness,,,,,,,,,
0.633874,joy,Joy,0.586438,analytical,Analytical,,,,,,
0.520657,joy,Joy,0.500636,tentative,Tentative,,,,,,
0.553349,joy,Joy,0.660965,tentative,Tentative,,,,,,
0.69275,joy,Joy,0.611839,analytical,Analytical,,,,,,
0.7329,joy,Joy,0.701835,analytical,Analytical,,,,,,
0.565093,sadness,Sadness,0.804675,tentative,Tentative,,,,,,
0.69856,sadness,Sadness,0.666281,analytical,Analytical,,,,,,
0.585453,sadness,Sadness,0.518355,analytical,Analytical,,,,,,
0.549078,sadness,Sadness,,,,,,,,,
0.534556,joy,Joy,,,,,,,,,
0.822701,joy,Joy,,,,,,,,,
0.801713,sadness,Sadness,0.598604,analytical,Analytical,,,,,,
,,,,,,,,,,,
0.513637,sadness,Sadness,,,,,,,,,
0.563278,joy,Joy,0.589295,analytical,Analytical,,,,,,
0.550657,joy,Joy,0.677069,analytical,Analytical,,,,,,
0.545318,joy,Joy,0.711887,analytical,Analytical,,,,,,
0.697474,joy,Joy,,,,,,,,,
0.740746,joy,Joy,,,,,,,,,
0.561913,joy,Joy,0.545436,tentative,Tentative,,,,,,
0.747679,joy,Joy,0.581831,analytical,Analytical,,,,,,
,,,,,,,,,,,
0.735102,joy,Joy,,,,,,,,,
0.802294,joy,Joy,0.610704,tentative,Tentative,,,,,,
0.844935,joy,Joy,0.596066,tentative,Tentative,,,,,,
0.560524,analytical,Analytical,,,,,,,,,
0.576144,joy,Joy,0.702469,tentative,Tentative,,,,,,
0.786334,analytical,Analytical,,,,,,,,,
,,,,,,,,,,,
,,,,,,,,,,,
0.638284,analytical,Analytical,,,,,,,,,
0.561556,joy,Joy,0.557034,analytical,Analytical,,,,,,
,,,,,,,,,,,
0.56744,sadness,Sadness,0.741648,tentative,Tentative,,,,,,
0.503064,joy,Joy,,,,,,,,,
0.640811,sadness,Sadness,,,,,,,,,
0.557272,sadness,Sadness,0.756362,analytical,Analytical,,,,,,
0.664948,fear,Fear,0.645985,confident,Confident,0.801827,analytical,Analytical,,,
0.559653,joy,Joy,,,,,,,,,
0.584935,fear,Fear,,,,,,,,,
0.599658,analytical,Analytical,,,,,,,,,
0.62436,analytical,Analytical,,,,,,,,,
0.963544,joy,Joy,,,,,,,,,
0.610632,joy,Joy,0.622907,analytical,Analytical,,,,,,
0.650056,sadness,Sadness,,,,,,,,,
0.698241,joy,Joy,,,,,,,,,
0.56386,joy,Joy,,,,,,,,,
,,,,,,,,,,,
,,,,,,,,,,,
0.8619,joy,Joy,,,,,,,,,
,,,,,,,,,,,
0.608183,joy,Joy,,,,,,,,,
0.532575,sadness,Sadness,0.576682,analytical,Analytical,,,,,,
,,,,,,,,,,,
0.692593,analytical,Analytical,,,,,,,,,
0.573267,joy,Joy,0.562804,analytical,Analytical,,,,,,
0.637735,sadness,Sadness,0.52071,tentative,Tentative,,,,,,
0.596428,sadness,Sadness,,,,,,,,,
0.690901,joy,Joy,0.518215,analytical,Analytical,,,,,,
0.658767,sadness,Sadness,,,,,,,,,
0.600757,sadness,Sadness,,,,,,,,,
0.742078,joy,Joy,0.509368,confident,Confident,0.694514,analytical,Analytical,,,
0.589393,sadness,Sadness,0.702369,tentative,Tentative,,,,,,
0.547653,joy,Joy,,,,,,,,,
0.658154,joy,Joy,0.623521,confident,Confident,,,,,,
0.696601,joy,Joy,,,,,,,,,
0.58569,joy,Joy,0.619099,analytical,Analytical,,,,,,
0.785307,joy,Joy,0.502017,analytical,Analytical,,,,,,
0.69965,joy,Joy,,,,,,,,,
0.608692,analytical,Analytical,,,,,,,,,
0.8743,joy,Joy,0.649361,analytical,Analytical,,,,,,
0.640737,joy,Joy,,,,,,,,,
,,,,,,,,,,,
0.851439,joy,Joy,,,,,,,,,
0.598144,joy,Joy,,,,,,,,,
0.573469,sadness,Sadness,,,,,,,,,
0.527032,joy,Joy,,,,,,,,,
0.564539,sadness,Sadness,0.622503,tentative,Tentative,0.748728,analytical,Analytical,,,
0.592604,sadness,Sadness,,,,,,,,,
0.546039,anger,Anger,,,,,,,,,
0.849932,joy,Joy,,,,,,,,,
0.590434,tentative,Tentative,0.623625,analytical,Analytical,,,,,,
,,,,,,,,,,,
0.522139,sadness,Sadness,,,,,,,,,
,,,,,,,,,,,
0.73321,joy,Joy,,,,,,,,,
0.552172,sadness,Sadness,,,,,,,,,
0.563616,joy,Joy,,,,,,,,,
0.536803,tentative,Tentative,,,,,,,,,
0.553471,confident,Confident,,,,,,,,,
0.660035,joy,Joy,0.777469,analytical,Analytical,,,,,,
0.691381,sadness,Sadness,0.568262,analytical,Analytical,,,,,,
0.643577,joy,Joy,,,,,,,,,
0.720012,joy,Joy,0.895415,analytical,Analytical,,,,,,
,,,,,,,,,,,
,,,,,,,,,,,
0.66461,joy,Joy,0.534455,tentative,Tentative,,,,,,
0.683937,joy,Joy,0.645672,tentative,Tentative,,,,,,
0.626632,anger,Anger,,,,,,,,,
0.639793,sadness,Sadness,,,,,,,,,
0.803078,joy,Joy,,,,,,,,,
0.59183,joy,Joy,0.50576,analytical,Analytical,,,,,,
0.613439,sadness,Sadness,0.777842,analytical,Analytical,,,,,,
0.576147,joy,Joy,,,,,,,,,
0.824215,joy,Joy,0.752532,analytical,Analytical,,,,,,
0.85652,joy,Joy,0.745634,analytical,Analytical,,,,,,
0.543112,confident,Confident,,,,,,,,,
0.758557,sadness,Sadness,,,,,,,,,
,,,,,,,,,,,
0.73993,joy,Joy,0.7922,analytical,Analytical,,,,,,
0.613798,sadness,Sadness,,,,,,,,,
,,,,,,,,,,,
0.668564,joy,Joy,0.519783,analytical,Analytical,,,,,,
0.910513,joy,Joy,,,,,,,,,
0.895468,joy,Joy,,,,,,,,,
0.66996,joy,Joy,0.552075,analytical,Analytical,,,,,,
0.661413,joy,Joy,0.546622,analytical,Analytical,,,,,,
0.859567,sadness,Sadness,,,,,,,,,
0.920089,joy,Joy,0.691524,analytical,Analytical,,,,,,
0.629352,sadness,Sadness,0.594103,analytical,Analytical,,,,,,
,,,,,,,,,,,
0.519139,sadness,Sadness,0.517411,tentative,Tentative,,,,,,
,,,,,,,,,,,
0.545483,sadness,Sadness,0.58393,tentative,Tentative,0.743104,analytical,Analytical,,,
0.67397,analytical,Analytical,,,,,,,,,
0.748942,joy,Joy,,,,,,,,,
0.546611,joy,Joy,0.563256,analytical,Analytical,,,,,,
0.62186,joy,Joy,,,,,,,,,
0.666262,joy,Joy,0.77064,analytical,Analytical,,,,,,
0.601496,sadness,Sadness,0.583197,confident,Confident,0.569731,analytical,Analytical,,,
0.531579,joy,Joy,0.80499,analytical,Analytical,,,,,,
0.507856,sadness,Sadness,0.657939,analytical,Analytical,,,,,,
0.519022,sadness,Sadness,0.747587,tentative,Tentative,,,,,,
0.513195,tentative,Tentative,,,,,,,,,
0.516373,fear,Fear,,,,,,,,,
0.675025,joy,Joy,,,,,,,,,
0.59211,joy,Joy,0.54025,analytical,Analytical,,,,,,
0.538076,joy,Joy,0.753498,analytical,Analytical,,,,,,
0.589874,joy,Joy,,,,,,,,,
0.550951,sadness,Sadness,,,,,,,,,
0.821505,joy,Joy,0.577516,analytical,Analytical,,,,,,
0.634469,analytical,Analytical,,,,,,,,,
0.717047,sadness,Sadness,0.605684,analytical,Analytical,,,,,,
0.912164,joy,Joy,0.671782,analytical,Analytical,,,,,,
0.653388,sadness,Sadness,,,,,,,,,
0.737513,analytical,Analytical,,,,,,,,,
0.540794,sadness,Sadness,0.528392,analytical,Analytical,,,,,,
0.548579,anger,Anger,0.660398,analytical,Analytical,,,,,,
0.716301,tentative,Tentative,,,,,,,,,
0.652793,sadness,Sadness,0.6731,analytical,Analytical,,,,,,
0.530755,joy,Joy,,,,,,,,,
0.66457,joy,Joy,0.687409,confident,Confident,0.573356,analytical,Analytical,,,
0.619105,joy,Joy,,,,,,,,,
,,,,,,,,,,,
,,,,,,,,,,,
,,,,,,,,,,,
0.613413,sadness,Sadness,0.588341,tentative,Tentative,,,,,,
0.717267,sadness,Sadness,,,,,,,,,
0.629085,joy,Joy,,,,,,,,,
0.581236,joy,Joy,,,,,,,,,
0.644016,analytical,Analytical,,,,,,,,,
0.749891,joy,Joy,,,,,,,,,
0.757313,analytical,Analytical,,,,,,,,,
0.699865,sadness,Sadness,,,,,,,,,
0.661535,joy,Joy,,,,,,,,,
0.571135,sadness,Sadness,,,,,,,,,
,,,,,,,,,,,
0.715636,joy,Joy,,,,,,,,,
0.783582,joy,Joy,0.75152,tentative,Tentative,,,,,,
0.628636,sadness,Sadness,0.576274,tentative,Tentative,,,,,,
0.514414,sadness,Sadness,,,,,,,,,
0.552378,joy,Joy,,,,,,,,,
0.789376,joy,Joy,0.530109,analytical,Analytical,,,,,,
0.727837,joy,Joy,,,,,,,,,
0.595136,joy,Joy,0.5759,analytical,Analytical,,,,,,
0.551921,joy,Joy,0.75152,tentative,Tentative,,,,,,
0.600198,sadness,Sadness,,,,,,,,,
,,,,,,,,,,,
0.588612,joy,Joy,0.617627,analytical,Analytical,,,,,,
0.580662,analytical,Analytical,,,,,,,,,
0.624881,sadness,Sadness,0.724869,analytical,Analytical,,,,,,
0.647474,joy,Joy,0.669326,tentative,Tentative,,,,,,
0.512117,sadness,Sadness,0.6713,analytical,Analytical,,,,,,
0.62479,joy,Joy,,,,,,,,,
0.50862,sadness,Sadness,0.563154,analytical,Analytical,,,,,,
0.722136,tentative,Tentative,,,,,,,,,
,,,,,,,,,,,
0.519077,joy,Joy,0.678188,confident,Confident,0.501231,analytical,Analytical,,,
0.598004,fear,Fear,0.635301,analytical,Analytical,,,,,,
0.574664,sadness,Sadness,,,,,,,,,
,,,,,,,,,,,
0.83349,joy,Joy,,,,,,,,,
0.56234,sadness,Sadness,0.603234,tentative,Tentative,,,,,,
,,,,,,,,,,,
0.625656,sadness,Sadness,,,,,,,,,
0.685284,analytical,Analytical,,,,,,,,,
0.511477,joy,Joy,,,,,,,,,
0.596617,sadness,Sadness,0.579934,analytical,Analytical,,,,,,
0.671525,sadness,Sadness,,,,,,,,,
0.860493,joy,Joy,,,,,,,,,
,,,,,,,,,,,
0.614553,sadness,Sadness,,,,,,,,,
0.561322,analytical,Analytical,,,,,,,,,
0.618881,sadness,Sadness,,,,,,,,,
0.613233,sadness,Sadness,0.566955,analytical,Analytical,,,,,,
,,,,,,,,,,,
0.692145,joy,Joy,,,,,,,,,
0.553513,anger,Anger,,,,,,,,,
,,,,,,,,,,,
0.726448,joy,Joy,0.526181,analytical,Analytical,,,,,,
0.586795,analytical,Analytical,,,,,,,,,
,,,,,,,,,,,
0.731132,sadness,Sadness,0.716848,analytical,Analytical,,,,,,
0.697655,joy,Joy,0.709321,tentative,Tentative,,,,,,
0.758828,sadness,Sadness,,,,,,,,,
0.527307,joy,Joy,0.763621,analytical,Analytical,,,,,,
0.629427,sadness,Sadness,0.850402,tentative,Tentative,0.817662,analytical,Analytical,,,
0.503838,sadness,Sadness,,,,,,,,,
0.503647,sadness,Sadness,0.627835,analytical,Analytical,,,,,,
0.65668,joy,Joy,,,,,,,,,
0.614465,joy,Joy,,,,,,,,,
0.780227,joy,Joy,0.614584,analytical,Analytical,,,,,,
0.912453,joy,Joy,,,,,,,,,
0.821661,joy,Joy,,,,,,,,,
0.529743,joy,Joy,,,,,,,,,
0.878981,joy,Joy,,,,,,,,,
,,,,,,,,,,,
0.527098,analytical,Analytical,,,,,,,,,
0.856469,joy,Joy,,,,,,,,,
0.892311,joy,Joy,0.629568,confident,Confident,0.642304,analytical,Analytical,,,
0.616254,joy,Joy,0.537312,confident,Confident,0.891929,analytical,Analytical,,,
0.63332,sadness,Sadness,0.515464,analytical,Analytical,,,,,,
0.530794,analytical,Analytical,,,,,,,,,
0.560675,joy,Joy,,,,,,,,,
0.848959,joy,Joy,0.718562,analytical,Analytical,,,,,,
0.77728,joy,Joy,,,,,,,,,
,,,,,,,,,,,
0.509368,confident,Confident,0.589295,analytical,Analytical,,,,,,
,,,,,,,,,,,
0.763413,joy,Joy,0.532726,tentative,Tentative,,,,,,
0.552829,anger,Anger,,,,,,,,,
0.507804,analytical,Analytical,,,,,,,,,
0.690415,sadness,Sadness,,,,,,,,,
0.627899,joy,Joy,,,,,,,,,
0.588105,sadness,Sadness,,,,,,,,,
0.594263,tentative,Tentative,,,,,,,,,
0.558933,joy,Joy,,,,,,,,,
0.5511,joy,Joy,,,,,,,,,
0.785785,sadness,Sadness,0.518793,tentative,Tentative,0.625106,analytical,Analytical,,,
0.57855,sadness,Sadness,,,,,,,,,
0.609249,joy,Joy,0.668596,analytical,Analytical,,,,,,
0.649637,sadness,Sadness,,,,,,,,,
0.626835,joy,Joy,0.661568,analytical,Analytical,,,,,,
,,,,,,,,,,,
,,,,,,,,,,,
0.880317,joy,Joy,0.508382,tentative,Tentative,,,,,,
0.631918,sadness,Sadness,,,,,,,,,
,,,,,,,,,,,
0.524313,sadness,Sadness,,,,,,,,,
0.708677,sadness,Sadness,,,,,,,,,
0.526489,tentative,Tentative,0.525892,analytical,Analytical,,,,,,
0.715826,sadness,Sadness,0.563089,analytical,Analytical,,,,,,
0.626988,joy,Joy,,,,,,,,,
0.739087,joy,Joy,0.566878,analytical,Analytical,,,,,,
,,,,,,,,,,,
0.651752,sadness,Sadness,,,,,,,,,
0.661617,joy,Joy,,,,,,,,,
0.601926,sadness,Sadness,,,,,,,,,
0.878458,joy,Joy,,,,,,,,,
,,,,,,,,,,,
0.937166,joy,Joy,0.554927,confident,Confident,,,,,,
0.662343,sadness,Sadness,0.51893,analytical,Analytical,,,,,,
0.553374,joy,Joy,0.505028,analytical,Analytical,,,,,,
0.942658,joy,Joy,,,,,,,,,
0.520061,joy,Joy,0.701768,analytical,Analytical,,,,,,
0.585787,joy,Joy,,,,,,,,,
0.65193,joy,Joy,0.689955,analytical,Analytical,,,,,,
0.639516,anger,Anger,,,,,,,,,
0.847751,joy,Joy,,,,,,,,,
0.714431,joy,Joy,0.832696,analytical,Analytical,,,,,,
0.580295,sadness,Sadness,0.540225,analytical,Analytical,,,,,,
,,,,,,,,,,,
0.630808,joy,Joy,,,,,,,,,
0.792111,joy,Joy,,,,,,,,,
0.683688,sadness,Sadness,0.569732,tentative,Tentative,0.658146,analytical,Analytical,,,
0.532542,joy,Joy,,,,,,,,,
,,,,,,,,,,,
0.668565,fear,Fear,,,,,,,,,
0.831458,tentative,Tentative,,,,,,,,,
0.566907,joy,Joy,0.555105,analytical,Analytical,,,,,,
0.639478,sadness,Sadness,,,,,,,,,
0.657427,joy,Joy,,,,,,,,,
0.518323,confident,Confident,0.80322,analytical,Analytical,,,,,,
0.757396,sadness,Sadness,0.66698,tentative,Tentative,0.650435,analytical,Analytical,,,
0.561208,tentative,Tentative,0.577516,analytical,Analytical,,,,,,
0.588212,sadness,Sadness,,,,,,,,,
0.512725,sadness,Sadness,,,,,,,,,
,,,,,,,,,,,
0.750382,analytical,Analytical,0.796648,tentative,Tentative,,,,,,
0.573301,sadness,Sadness,0.666911,analytical,Analytical,,,,,,
0.510239,joy,Joy,0.645655,analytical,Analytical,,,,,,
0.670461,sadness,Sadness,,,,,,,,,
0.518308,analytical,Analytical,,,,,,,,,
0.585707,sadness,Sadness,0.620279,analytical,Analytical,,,,,,
,,,,,,,,,,,
0.562285,sadness,Sadness,0.714941,tentative,Tentative,,,,,,
0.649793,joy,Joy,,,,,,,,,
0.697985,joy,Joy,0.825035,confident,Confident,,,,,,
0.540129,joy,Joy,0.687768,analytical,Analytical,,,,,,
0.647155,joy,Joy,,,,,,,,,
,,,,,,,,,,,
0.638315,joy,Joy,,,,,,,,,
0.779226,joy,Joy,,,,,,,,,
0.622349,anger,Anger,,,,,,,,,
0.632796,joy,Joy,0.632828,analytical,Analytical,,,,,,
0.766085,joy,Joy,0.5538,tentative,Tentative,,,,,,
0.777742,joy,Joy,,,,,,,,,
0.64943,sadness,Sadness,,,,,,,,,
,,,,,,,,,,,
0.667322,joy,Joy,0.8152,analytical,Analytical,,,,,,
,,,,,,,,,,,
0.619886,sadness,Sadness,,,,,,,,,
0.733932,analytical,Analytical,,,,,,,,,
0.598602,confident,Confident,0.597565,analytical,Analytical,,,,,,
0.512603,sadness,Sadness,,,,,,,,,
0.69751,joy,Joy,,,,,,,,,
0.837935,joy,Joy,0.542653,tentative,Tentative,0.758255,analytical,Analytical,,,
0.606856,analytical,Analytical,,,,,,,,,
0.662312,tentative,Tentative,,,,,,,,,
0.815851,analytical,Analytical,,,,,,,,,
0.592765,sadness,Sadness,0.689317,analytical,Analytical,,,,,,
0.727272,joy,Joy,,,,,,,,,
,,,,,,,,,,,
0.577295,sadness,Sadness,,,,,,,,,
0.609877,joy,Joy,,,,,,,,,
0.805252,joy,Joy,,,,,,,,,
0.576333,sadness,Sadness,0.511454,analytical,Analytical,,,,,,
0.646108,sadness,Sadness,0.73362,analytical,Analytical,,,,,,
0.528985,joy,Joy,0.786751,analytical,Analytical,,,,,,
0.844506,fear,Fear,0.689543,confident,Confident,0.60456,analytical,Analytical,,,
,,,,,,,,,,,
0.731225,analytical,Analytical,,,,,,,,,
0.667566,joy,Joy,0.727823,analytical,Analytical,,,,,,
0.516724,sadness,Sadness,,,,,,,,,
0.646793,joy,Joy,0.600813,analytical,Analytical,,,,,,
0.739758,joy,Joy,,,,,,,,,
,,,,,,,,,,,
0.581733,joy,Joy,,,,,,,,,
0.631105,sadness,Sadness,0.539532,analytical,Analytical,,,,,,
,,,,,,,,,,,
0.695765,analytical,Analytical,,,,,,,,,
0.599524,analytical,Analytical,,,,,,,,,
0.658288,joy,Joy,0.722362,analytical,Analytical,0.735209,tentative,Tentative,,,
0.521262,joy,Joy,0.602762,analytical,Analytical,,,,,,
0.652002,joy,Joy,,,,,,,,,
0.562894,sadness,Sadness,0.662845,analytical,Analytical,,,,,,
0.578232,joy,Joy,,,,,,,,,
0.575316,sadness,Sadness,0.524486,analytical,Analytical,,,,,,
0.530993,sadness,Sadness,0.648593,analytical,Analytical,,,,,,
,,,,,,,,,,,
0.798545,joy,Joy,,,,,,,,,
,,,,,,,,,,,
0.593252,sadness,Sadness,0.763337,tentative,Tentative,0.725194,analytical,Analytical,,,
,,,,,,,,,,,
0.564308,sadness,Sadness,0.660119,analytical,Analytical,,,,,,
0.704712,analytical,Analytical,,,,,,,,,
0.735651,fear,Fear,0.770076,analytical,Analytical,,,,,,
0.550744,sadness,Sadness,,,,,,,,,
,,,,,,,,,,,
,,,,,,,,,,,
0.826183,joy,Joy,,,,,,,,,
0.71499,joy,Joy,,,,,,,,,
0.705923,sadness,Sadness,0.526003,analytical,Analytical,,,,,,
0.510072,analytical,Analytical,,,,,,,,,
,,,,,,,,,,,
0.615031,sadness,Sadness,0.603332,analytical,Analytical,,,,,,
0.699236,joy,Joy,0.542762,analytical,Analytical,,,,,,
,,,,,,,,,,,
0.676099,sadness,Sadness,0.735613,analytical,Analytical,,,,,,
0.800881,joy,Joy,0.675395,analytical,Analytical,,,,,,
,,,,,,,,,,,
0.755378,joy,Joy,,,,,,,,,
0.776335,joy,Joy,0.5378,analytical,Analytical,,,,,,
0.522702,sadness,Sadness,0.55901,analytical,Analytical,,,,,,
0.630509,joy,Joy,,,,,,,,,
0.828662,joy,Joy,,,,,,,,,
0.697957,joy,Joy,0.606657,analytical,Analytical,,,,,,
0.698312,analytical,Analytical,,,,,,,,,
0.758937,joy,Joy,0.565798,analytical,Analytical,,,,,,
0.817989,fear,Fear,0.570071,tentative,Tentative,,,,,,
0.627319,sadness,Sadness,,,,,,,,,
,,,,,,,,,,,
0.555848,sadness,Sadness,0.516425,analytical,Analytical,,,,,,
0.830238,sadness,Sadness,,,,,,,,,
0.676456,sadness,Sadness,0.57068,analytical,Analytical,0.558729,tentative,Tentative,,,
0.577607,joy,Joy,,,,,,,,,
0.554921,sadness,Sadness,,,,,,,,,
,,,,,,,,,,,
,,,,,,,,,,,
0.61185,joy,Joy,,,,,,,,,
0.511266,joy,Joy,0.796123,analytical,Analytical,,,,,,
0.822227,joy,Joy,,,,,,,,,
0.535935,anger,Anger,,,,,,,,,
0.665727,joy,Joy,,,,,,,,,
0.696208,joy,Joy,0.772221,confident,Confident,,,,,,
0.869442,joy,Joy,,,,,,,,,
0.848801,joy,Joy,0.501702,tentative,Tentative,,,,,,
0.762356,analytical,Analytical,,,,,,,,,
0.613286,sadness,Sadness,0.600569,analytical,Analytical,,,,,,
0.646264,analytical,Analytical,,,,,,,,,
0.761254,joy,Joy,,,,,,,,,
,,,,,,,,,,,
0.549529,sadness,Sadness,,,,,,,,,
0.604412,sadness,Sadness,0.746119,analytical,Analytical,,,,,,
0.606082,joy,Joy,,,,,,,,,
0.80054,joy,Joy,0.685888,analytical,Analytical,,,,,,
0.63677,sadness,Sadness,0.757794,analytical,Analytical,,,,,,
0.593962,joy,Joy,0.639168,analytical,Analytical,,,,,,
0.635229,sadness,Sadness,0.790954,analytical,Analytical,,,,,,
0.552274,joy,Joy,,,,,,,,,
0.731338,tentative,Tentative,,,,,,,,,
0.582045,sadness,Sadness,0.567233,analytical,Analytical,,,,,,
,,,,,,,,,,,
0.775082,joy,Joy,0.615352,tentative,Tentative,,,,,,
0.802218,joy,Joy,,,,,,,,,
